{
    "start": [120.9927158,14.6096897],
    "end": [121.0175177,14.6316460]
}